{"version":2,"intensity":0,"info":{"face":"modenine","maps":[{"width":1024,"height":512}]},"chars":{"32":{"id":32,"letter":" ","x":1,"y":1,"width":64,"height":64,"map":0,"xadvance":19.2,"xoffset":31.5,"yoffset":31.5,"scale":1,"range":8},"33":{"id":33,"letter":"!","x":67,"y":1,"width":64,"height":64,"map":0,"xadvance":19.2,"xoffset":20.8,"yoffset":20.8,"scale":1,"range":8,"bounds":[9.6,0,12.8,22.4]},"34":{"id":34,"letter":"\"","x":133,"y":1,"width":64,"height":64,"map":0,"xadvance":19.2,"xoffset":20.8,"yoffset":14.4,"scale":1,"range":8,"bounds":[6.4,12.8,16,22.4]},"35":{"id":35,"letter":"#","x":199,"y":1,"width":64,"height":64,"map":0,"xadvance":19.2,"xoffset":20.8,"yoffset":20.8,"scale":1,"range":8,"bounds":[3.2,0,19.2,22.4]},"36":{"id":36,"letter":"$","x":265,"y":1,"width":64,"height":64,"map":0,"xadvance":19.2,"xoffset":20.8,"yoffset":20.8,"scale":1,"range":8,"bounds":[3.2,0,19.2,22.4]},"37":{"id":37,"letter":"%","x":331,"y":1,"width":64,"height":64,"map":0,"xadvance":19.2,"xoffset":20.8,"yoffset":20.8,"scale":1,"range":8,"bounds":[3.2,0,19.2,22.4]},"38":{"id":38,"letter":"&","x":397,"y":1,"width":64,"height":64,"map":0,"xadvance":19.2,"xoffset":20.8,"yoffset":20.992,"scale":1,"range":8,"bounds":[3.2,0,19.2,22.016]},"39":{"id":39,"letter":"'","x":463,"y":1,"width":64,"height":64,"map":0,"xadvance":19.2,"xoffset":20.8,"yoffset":14.4,"scale":1,"range":8,"bounds":[9.6,12.8,12.8,22.4]},"40":{"id":40,"letter":"(","x":529,"y":1,"width":64,"height":64,"map":0,"xadvance":19.2,"xoffset":20.8,"yoffset":20.8,"scale":1,"range":8,"bounds":[6.4,0,16,22.4]},"41":{"id":41,"letter":")","x":595,"y":1,"width":64,"height":64,"map":0,"xadvance":19.2,"xoffset":20.8,"yoffset":20.8,"scale":1,"range":8,"bounds":[6.4,0,16,22.4]},"42":{"id":42,"letter":"*","x":661,"y":1,"width":64,"height":64,"map":0,"xadvance":19.2,"xoffset":20.8,"yoffset":20.8,"scale":1,"range":8,"bounds":[3.2,0,19.2,22.4]},"43":{"id":43,"letter":"+","x":727,"y":1,"width":64,"height":64,"map":0,"xadvance":19.2,"xoffset":20.8,"yoffset":20.8,"scale":1,"range":8,"bounds":[3.2,3.2,19.2,19.2]},"44":{"id":44,"letter":",","x":793,"y":1,"width":64,"height":64,"map":0,"xadvance":19.2,"xoffset":22.4,"yoffset":29.6,"scale":1,"range":8,"bounds":[6.4,-3.2,12.8,8]},"45":{"id":45,"letter":"-","x":859,"y":1,"width":64,"height":64,"map":0,"xadvance":19.2,"xoffset":20.8,"yoffset":20.8,"scale":1,"range":8,"bounds":[3.2,9.6,19.2,12.8]},"46":{"id":46,"letter":".","x":925,"y":1,"width":64,"height":64,"map":0,"xadvance":19.2,"xoffset":20.8,"yoffset":30.4,"scale":1,"range":8,"bounds":[9.6,0,12.8,3.2]},"47":{"id":47,"letter":"/","x":1,"y":67,"width":64,"height":64,"map":0,"xadvance":19.2,"xoffset":20.8,"yoffset":20.8,"scale":1,"range":8,"bounds":[3.2,1.6,19.2,20.8]},"48":{"id":48,"letter":"0","x":67,"y":67,"width":64,"height":64,"map":0,"xadvance":19.2,"xoffset":20.8,"yoffset":20.8,"scale":1,"range":8,"bounds":[3.2,0,19.2,22.4]},"49":{"id":49,"letter":"1","x":133,"y":67,"width":64,"height":64,"map":0,"xadvance":19.2,"xoffset":20.8,"yoffset":20.8,"scale":1,"range":8,"bounds":[6.4,0,16,22.4]},"50":{"id":50,"letter":"2","x":199,"y":67,"width":64,"height":64,"map":0,"xadvance":19.2,"xoffset":20.8,"yoffset":20.8,"scale":1,"range":8,"bounds":[3.2,0,19.2,22.4]},"51":{"id":51,"letter":"3","x":265,"y":67,"width":64,"height":64,"map":0,"xadvance":19.2,"xoffset":20.8,"yoffset":20.8,"scale":1,"range":8,"bounds":[3.2,0,19.2,22.4]},"52":{"id":52,"letter":"4","x":331,"y":67,"width":64,"height":64,"map":0,"xadvance":19.2,"xoffset":20.8,"yoffset":20.8,"scale":1,"range":8,"bounds":[3.2,0,19.2,22.4]},"53":{"id":53,"letter":"5","x":397,"y":67,"width":64,"height":64,"map":0,"xadvance":19.2,"xoffset":20.8,"yoffset":20.8,"scale":1,"range":8,"bounds":[3.2,0,19.2,22.4]},"54":{"id":54,"letter":"6","x":463,"y":67,"width":64,"height":64,"map":0,"xadvance":19.2,"xoffset":20.8,"yoffset":20.8,"scale":1,"range":8,"bounds":[3.2,0,19.2,22.4]},"55":{"id":55,"letter":"7","x":529,"y":67,"width":64,"height":64,"map":0,"xadvance":19.2,"xoffset":20.8,"yoffset":20.8,"scale":1,"range":8,"bounds":[3.2,0,19.2,22.4]},"56":{"id":56,"letter":"8","x":595,"y":67,"width":64,"height":64,"map":0,"xadvance":19.2,"xoffset":20.8,"yoffset":20.8,"scale":1,"range":8,"bounds":[3.2,0,19.2,22.4]},"57":{"id":57,"letter":"9","x":661,"y":67,"width":64,"height":64,"map":0,"xadvance":19.2,"xoffset":20.8,"yoffset":20.8,"scale":1,"range":8,"bounds":[3.2,0,19.2,22.4]},"58":{"id":58,"letter":":","x":727,"y":67,"width":64,"height":64,"map":0,"xadvance":19.2,"xoffset":20.8,"yoffset":22.4,"scale":1,"range":8,"bounds":[9.6,3.2,12.8,16]},"59":{"id":59,"letter":";","x":793,"y":67,"width":64,"height":64,"map":0,"xadvance":19.2,"xoffset":22.4,"yoffset":25.6,"scale":1,"range":8,"bounds":[6.4,-3.2,12.8,16]},"60":{"id":60,"letter":"<","x":859,"y":67,"width":64,"height":64,"map":0,"xadvance":19.2,"xoffset":22.4,"yoffset":20.8,"scale":1,"range":8,"bounds":[3.2,0,16,22.4]},"61":{"id":61,"letter":"=","x":925,"y":67,"width":64,"height":64,"map":0,"xadvance":19.2,"xoffset":20.8,"yoffset":22.4,"scale":1,"range":8,"bounds":[3.2,3.2,19.2,16]},"62":{"id":62,"letter":">","x":1,"y":133,"width":64,"height":64,"map":0,"xadvance":19.2,"xoffset":19.2,"yoffset":20.8,"scale":1,"range":8,"bounds":[6.4,0,19.2,22.4]},"63":{"id":63,"letter":"?","x":67,"y":133,"width":64,"height":64,"map":0,"xadvance":19.2,"xoffset":20.8,"yoffset":20.8,"scale":1,"range":8,"bounds":[3.2,0,19.2,22.4]},"64":{"id":64,"letter":"@","x":133,"y":133,"width":64,"height":64,"map":0,"xadvance":19.2,"xoffset":20.8,"yoffset":20.8,"scale":1,"range":8,"bounds":[3.2,0,19.2,22.4]},"65":{"id":65,"letter":"A","x":199,"y":133,"width":64,"height":64,"map":0,"xadvance":19.2,"xoffset":20.8,"yoffset":20.8,"scale":1,"range":8,"bounds":[3.2,0,19.2,22.4]},"66":{"id":66,"letter":"B","x":265,"y":133,"width":64,"height":64,"map":0,"xadvance":19.2,"xoffset":20.8,"yoffset":20.8,"scale":1,"range":8,"bounds":[3.2,0,19.2,22.4]},"67":{"id":67,"letter":"C","x":331,"y":133,"width":64,"height":64,"map":0,"xadvance":19.2,"xoffset":20.8,"yoffset":20.8,"scale":1,"range":8,"bounds":[3.2,0,19.2,22.4]},"68":{"id":68,"letter":"D","x":397,"y":133,"width":64,"height":64,"map":0,"xadvance":19.2,"xoffset":20.8,"yoffset":20.8,"scale":1,"range":8,"bounds":[3.2,0,19.2,22.4]},"69":{"id":69,"letter":"E","x":463,"y":133,"width":64,"height":64,"map":0,"xadvance":19.2,"xoffset":20.8,"yoffset":20.8,"scale":1,"range":8,"bounds":[3.2,0,19.2,22.4]},"70":{"id":70,"letter":"F","x":529,"y":133,"width":64,"height":64,"map":0,"xadvance":19.2,"xoffset":20.8,"yoffset":20.8,"scale":1,"range":8,"bounds":[3.2,0,19.2,22.4]},"71":{"id":71,"letter":"G","x":595,"y":133,"width":64,"height":64,"map":0,"xadvance":19.2,"xoffset":20.8,"yoffset":20.8,"scale":1,"range":8,"bounds":[3.2,0,19.2,22.4]},"72":{"id":72,"letter":"H","x":661,"y":133,"width":64,"height":64,"map":0,"xadvance":19.2,"xoffset":20.8,"yoffset":20.8,"scale":1,"range":8,"bounds":[3.2,0,19.2,22.4]},"73":{"id":73,"letter":"I","x":727,"y":133,"width":64,"height":64,"map":0,"xadvance":19.2,"xoffset":20.8,"yoffset":20.8,"scale":1,"range":8,"bounds":[6.4,0,16,22.4]},"74":{"id":74,"letter":"J","x":793,"y":133,"width":64,"height":64,"map":0,"xadvance":19.2,"xoffset":20.8,"yoffset":20.8,"scale":1,"range":8,"bounds":[3.2,0,19.2,22.4]},"75":{"id":75,"letter":"K","x":859,"y":133,"width":64,"height":64,"map":0,"xadvance":19.2,"xoffset":20.8,"yoffset":20.8,"scale":1,"range":8,"bounds":[3.2,0,19.2,22.4]},"76":{"id":76,"letter":"L","x":925,"y":133,"width":64,"height":64,"map":0,"xadvance":19.2,"xoffset":20.8,"yoffset":20.8,"scale":1,"range":8,"bounds":[3.2,0,19.2,22.4]},"77":{"id":77,"letter":"M","x":1,"y":199,"width":64,"height":64,"map":0,"xadvance":19.2,"xoffset":20.8,"yoffset":20.8,"scale":1,"range":8,"bounds":[3.2,0,19.2,22.4]},"78":{"id":78,"letter":"N","x":67,"y":199,"width":64,"height":64,"map":0,"xadvance":19.2,"xoffset":20.8,"yoffset":20.8,"scale":1,"range":8,"bounds":[3.2,0,19.2,22.4]},"79":{"id":79,"letter":"O","x":133,"y":199,"width":64,"height":64,"map":0,"xadvance":19.2,"xoffset":20.8,"yoffset":20.8,"scale":1,"range":8,"bounds":[3.2,0,19.2,22.4]},"80":{"id":80,"letter":"P","x":199,"y":199,"width":64,"height":64,"map":0,"xadvance":19.2,"xoffset":20.8,"yoffset":20.8,"scale":1,"range":8,"bounds":[3.2,0,19.2,22.4]},"81":{"id":81,"letter":"Q","x":265,"y":199,"width":64,"height":64,"map":0,"xadvance":19.2,"xoffset":20.8,"yoffset":20.8,"scale":1,"range":8,"bounds":[3.2,0,19.2,22.4]},"82":{"id":82,"letter":"R","x":331,"y":199,"width":64,"height":64,"map":0,"xadvance":19.2,"xoffset":20.8,"yoffset":20.8,"scale":1,"range":8,"bounds":[3.2,0,19.2,22.4]},"83":{"id":83,"letter":"S","x":397,"y":199,"width":64,"height":64,"map":0,"xadvance":19.2,"xoffset":20.8,"yoffset":20.8,"scale":1,"range":8,"bounds":[3.2,0,19.2,22.4]},"84":{"id":84,"letter":"T","x":463,"y":199,"width":64,"height":64,"map":0,"xadvance":19.2,"xoffset":20.8,"yoffset":20.8,"scale":1,"range":8,"bounds":[3.2,0,19.2,22.4]},"85":{"id":85,"letter":"U","x":529,"y":199,"width":64,"height":64,"map":0,"xadvance":19.2,"xoffset":20.8,"yoffset":20.8,"scale":1,"range":8,"bounds":[3.2,0,19.2,22.4]},"86":{"id":86,"letter":"V","x":595,"y":199,"width":64,"height":64,"map":0,"xadvance":19.2,"xoffset":20.8,"yoffset":20.8,"scale":1,"range":8,"bounds":[3.2,0,19.2,22.4]},"87":{"id":87,"letter":"W","x":661,"y":199,"width":64,"height":64,"map":0,"xadvance":19.2,"xoffset":20.8,"yoffset":20.8,"scale":1,"range":8,"bounds":[3.2,0,19.2,22.4]},"88":{"id":88,"letter":"X","x":727,"y":199,"width":64,"height":64,"map":0,"xadvance":19.2,"xoffset":20.8,"yoffset":20.8,"scale":1,"range":8,"bounds":[3.2,0,19.2,22.4]},"89":{"id":89,"letter":"Y","x":793,"y":199,"width":64,"height":64,"map":0,"xadvance":19.2,"xoffset":20.8,"yoffset":20.8,"scale":1,"range":8,"bounds":[3.2,0,19.2,22.4]},"90":{"id":90,"letter":"Z","x":859,"y":199,"width":64,"height":64,"map":0,"xadvance":19.2,"xoffset":20.8,"yoffset":20.8,"scale":1,"range":8,"bounds":[3.2,0,19.2,22.4]},"91":{"id":91,"letter":"[","x":925,"y":199,"width":64,"height":64,"map":0,"xadvance":19.2,"xoffset":20.8,"yoffset":20.8,"scale":1,"range":8,"bounds":[3.2,3.2,19.2,19.2]},"92":{"id":92,"letter":"\\","x":1,"y":265,"width":64,"height":64,"map":0,"xadvance":19.2,"xoffset":20.8,"yoffset":20.8,"scale":1,"range":8,"bounds":[3.2,3.2,19.2,19.2]},"93":{"id":93,"letter":"]","x":67,"y":265,"width":64,"height":64,"map":0,"xadvance":19.2,"xoffset":20.8,"yoffset":20.8,"scale":1,"range":8,"bounds":[3.2,3.2,19.2,19.2]},"94":{"id":94,"letter":"^","x":133,"y":265,"width":64,"height":64,"map":0,"xadvance":19.2,"xoffset":20.8,"yoffset":20.8,"scale":1,"range":8,"bounds":[3.2,3.2,19.2,19.2]},"95":{"id":95,"letter":"_","x":199,"y":265,"width":64,"height":64,"map":0,"xadvance":19.2,"xoffset":20.8,"yoffset":33.6,"scale":1,"range":8,"bounds":[3.2,-3.2,19.2,0]},"96":{"id":96,"letter":"`","x":265,"y":265,"width":64,"height":64,"map":0,"xadvance":19.2,"xoffset":20.8,"yoffset":17.6,"scale":1,"range":8,"bounds":[3.2,12.8,19.2,16]},"97":{"id":97,"letter":"a","x":331,"y":265,"width":64,"height":64,"map":0,"xadvance":19.2,"xoffset":20.8,"yoffset":24,"scale":1,"range":8,"bounds":[3.2,0,19.2,16]},"98":{"id":98,"letter":"b","x":397,"y":265,"width":64,"height":64,"map":0,"xadvance":19.2,"xoffset":20.8,"yoffset":20.8,"scale":1,"range":8,"bounds":[3.2,0,19.2,22.4]},"99":{"id":99,"letter":"c","x":463,"y":265,"width":64,"height":64,"map":0,"xadvance":19.2,"xoffset":20.8,"yoffset":24,"scale":1,"range":8,"bounds":[3.2,0,19.2,16]},"100":{"id":100,"letter":"d","x":529,"y":265,"width":64,"height":64,"map":0,"xadvance":19.2,"xoffset":20.8,"yoffset":20.8,"scale":1,"range":8,"bounds":[3.2,0,19.2,22.4]},"101":{"id":101,"letter":"e","x":595,"y":265,"width":64,"height":64,"map":0,"xadvance":19.2,"xoffset":20.8,"yoffset":24,"scale":1,"range":8,"bounds":[3.2,0,19.2,16]},"102":{"id":102,"letter":"f","x":661,"y":265,"width":64,"height":64,"map":0,"xadvance":19.2,"xoffset":20.8,"yoffset":20.8,"scale":1,"range":8,"bounds":[6.4,0,16,22.4]},"103":{"id":103,"letter":"g","x":727,"y":265,"width":64,"height":64,"map":0,"xadvance":19.2,"xoffset":20.8,"yoffset":27.2,"scale":1,"range":8,"bounds":[3.2,-6.4,19.2,16]},"104":{"id":104,"letter":"h","x":793,"y":265,"width":64,"height":64,"map":0,"xadvance":19.2,"xoffset":20.8,"yoffset":20.8,"scale":1,"range":8,"bounds":[3.2,0,19.2,22.4]},"105":{"id":105,"letter":"i","x":859,"y":265,"width":64,"height":64,"map":0,"xadvance":19.2,"xoffset":20.8,"yoffset":20.8,"scale":1,"range":8,"bounds":[6.4,0,16,22.4]},"106":{"id":106,"letter":"j","x":925,"y":265,"width":64,"height":64,"map":0,"xadvance":19.2,"xoffset":22.4,"yoffset":24,"scale":1,"range":8,"bounds":[6.4,-6.4,12.8,22.4]},"107":{"id":107,"letter":"k","x":1,"y":331,"width":64,"height":64,"map":0,"xadvance":19.2,"xoffset":19.2,"yoffset":20.8,"scale":1,"range":8,"bounds":[6.4,0,19.2,22.4]},"108":{"id":108,"letter":"l","x":67,"y":331,"width":64,"height":64,"map":0,"xadvance":19.2,"xoffset":20.8,"yoffset":20.8,"scale":1,"range":8,"bounds":[6.4,0,16,22.4]},"109":{"id":109,"letter":"m","x":133,"y":331,"width":64,"height":64,"map":0,"xadvance":19.2,"xoffset":20.8,"yoffset":24,"scale":1,"range":8,"bounds":[3.2,0,19.2,16]},"110":{"id":110,"letter":"n","x":199,"y":331,"width":64,"height":64,"map":0,"xadvance":19.2,"xoffset":20.8,"yoffset":24,"scale":1,"range":8,"bounds":[3.2,0,19.2,16]},"111":{"id":111,"letter":"o","x":265,"y":331,"width":64,"height":64,"map":0,"xadvance":19.2,"xoffset":20.8,"yoffset":24,"scale":1,"range":8,"bounds":[3.2,0,19.2,16]},"112":{"id":112,"letter":"p","x":331,"y":331,"width":64,"height":64,"map":0,"xadvance":19.2,"xoffset":20.8,"yoffset":27.2,"scale":1,"range":8,"bounds":[3.2,-6.4,19.2,16]},"113":{"id":113,"letter":"q","x":397,"y":331,"width":64,"height":64,"map":0,"xadvance":19.2,"xoffset":20.8,"yoffset":27.2,"scale":1,"range":8,"bounds":[3.2,-6.4,19.2,16]},"114":{"id":114,"letter":"r","x":463,"y":331,"width":64,"height":64,"map":0,"xadvance":19.2,"xoffset":19.2,"yoffset":24,"scale":1,"range":8,"bounds":[6.4,0,19.2,16]},"115":{"id":115,"letter":"s","x":529,"y":331,"width":64,"height":64,"map":0,"xadvance":19.2,"xoffset":20.8,"yoffset":24,"scale":1,"range":8,"bounds":[3.2,0,19.2,16]},"116":{"id":116,"letter":"t","x":595,"y":331,"width":64,"height":64,"map":0,"xadvance":19.2,"xoffset":20.8,"yoffset":20.8,"scale":1,"range":8,"bounds":[6.4,0,16,22.4]},"117":{"id":117,"letter":"u","x":661,"y":331,"width":64,"height":64,"map":0,"xadvance":19.2,"xoffset":20.8,"yoffset":24,"scale":1,"range":8,"bounds":[3.2,0,19.2,16]},"118":{"id":118,"letter":"v","x":727,"y":331,"width":64,"height":64,"map":0,"xadvance":19.2,"xoffset":20.8,"yoffset":24,"scale":1,"range":8,"bounds":[3.2,0,19.2,16]},"119":{"id":119,"letter":"w","x":793,"y":331,"width":64,"height":64,"map":0,"xadvance":19.2,"xoffset":20.8,"yoffset":24,"scale":1,"range":8,"bounds":[3.2,0,19.2,16]},"120":{"id":120,"letter":"x","x":859,"y":331,"width":64,"height":64,"map":0,"xadvance":19.2,"xoffset":20.8,"yoffset":24,"scale":1,"range":8,"bounds":[3.2,0,19.2,16]},"121":{"id":121,"letter":"y","x":925,"y":331,"width":64,"height":64,"map":0,"xadvance":19.2,"xoffset":20.8,"yoffset":27.2,"scale":1,"range":8,"bounds":[3.2,-6.4,19.2,16]},"122":{"id":122,"letter":"z","x":1,"y":397,"width":64,"height":64,"map":0,"xadvance":19.2,"xoffset":20.8,"yoffset":24,"scale":1,"range":8,"bounds":[3.2,0,19.2,16]},"123":{"id":123,"letter":"{","x":67,"y":397,"width":64,"height":64,"map":0,"xadvance":19.2,"xoffset":20.8,"yoffset":20.8,"scale":1,"range":8,"bounds":[6.4,0,16,22.4]},"124":{"id":124,"letter":"|","x":133,"y":397,"width":64,"height":64,"map":0,"xadvance":19.2,"xoffset":20.8,"yoffset":20.8,"scale":1,"range":8,"bounds":[6.4,0,16,22.4]},"125":{"id":125,"letter":"}","x":199,"y":397,"width":64,"height":64,"map":0,"xadvance":19.2,"xoffset":20.8,"yoffset":20.8,"scale":1,"range":8,"bounds":[6.4,0,16,22.4]},"126":{"id":126,"letter":"~","x":265,"y":397,"width":64,"height":64,"map":0,"xadvance":19.2,"xoffset":22.4,"yoffset":19.2,"scale":1,"range":8,"bounds":[2.4,0,16.8,25.6]}},"kerning":{}}